{"Step Time": 0.47287797927856445, "_timestamp": 1693744600.7903097, "TGS": 330.78173931272477, "Memory Allocated": 49037858816, "Training Loss": 9.4375, "Learning Rate": 2e-05, "_runtime": 20.73054575920105, "_step": 12}