{"Step Time": 0.27763891220092773, "_timestamp": 1693745042.1580234, "TGS": 282.577066699623, "Memory Allocated": 49038065152, "Training Loss": 7.0938, "Learning Rate": 2e-05, "_runtime": 153.70553827285767, "_step": 259, "_wandb": {"runtime": 153}}