{"Step Time": 0.0070667266845703125, "_timestamp": 1693744803.483092, "TGS": 285.00466244328754, "Memory Allocated": 47907358720, "Training Loss": 8.4375, "Learning Rate": 2e-05, "_runtime": 30.56305503845215, "_step": 51, "_wandb": {"runtime": 29}}