{"Step Time": 0.7133617401123047, "_timestamp": 1693744478.5614963, "TGS": 717.3510580799898, "Memory Allocated": 49037817344, "Training Loss": 1.3516, "Learning Rate": 2e-05, "_runtime": 18.35533833503723, "_step": 6, "_wandb": {"runtime": 17}}